{"duration": 22.716774463653564, "input_args": {}, "time": 1727919676.624234}