{"duration": 41.446609020233154, "input_args": {}, "time": 1727631309.21197}