{"duration": 23.903974771499634, "input_args": {}, "time": 1729578803.2052794}