{"duration": 27.1149001121521, "input_args": {}, "time": 1729019823.59225}